,title,trailer_id
0,Pride and Prejudice and Zombies,foGraEVNI0s
1,American Ultra,bLGFwkRx2HA
2,Jane Got a Gun,fm7qxI3gmpw
3,Pitch Perfect 2,1RgKlnG5aQY
4,Bone Tomahawk,QuGmtoQBPEM
5,Dark Places,SpG5dWV7piw
6,Jupiter Ascending,t4ZzMkDLjWI
7,Furious 7,Skpu5HaVkOc
8,Pan,Y1wRv8vTpxo
9,Our Kind of Traitor,yLkd0bU3EEE
10,The Walk,4W6byFcD5uE
11,Child 44,Uia6y9SRsj4
12,Southpaw,Mh2ebPxhoLs
13,Chappie,l6bmTNadhJE
14,Digging for Fire,3tPy8DM3h20
15,Sisters,R11L9cI1dFE
16,By the Sea,y08gxV5tHUQ
17,Suffragette,056FI2Pq9RY
18,Nasty Baby,2rRlSbfLZG4
19,The Little Prince,fEPqgSNLfK8
20,Money Monster,lWwPSmodEsc
21,Victor Frankenstein,2vqNOZIbIRM
22,The Man from U.N.C.L.E.,CzYRlISYE8Y
23,Miles Ahead,ssfTNCTVT5U
24,Our Little Sister,NtTeSQFce2A
25,Spy,YrY3v1eDmQY
26,Mississippi Grind,Ooca5idaNSk
27,A Hologram for the King,UW4OE1egbHs
28,Everest,79Q2rrQlPW4
29,The Brothers Grimsby,1pjwDOVQQjo
30,Z for Zachariah,bxw4KFxPcoY
31,True Story,xu2ghucS3Tc
32,Mission: Impossible - Rogue Nation,pXwaKB7YOjw
33,Fantastic Four,0376APsvw8U
34,The Martian,ej3ioOneTy8
35,Freeheld,rMV6KC74GeA
36,Room,ZO0MXSX7zvg
37,Burnt,Ws5TnGiqGgM
38,Trespass Against Us,u4CUb6hwQv4
39,The Last Face,OUjvg7cYwno
40,Desierto,OIdPSVKZsD4
41,Forsaken,zO8xbYx6tco
42,Truth,LoNoOn6c0gA
43,Green Room,Q8XSARX3DQg
44,Far from the Madding Crowd,7m6YNWpvBgo
45,The Night Before,kOBdxkhJvHQ
46,45 Years,Tg5cpiX18TA
47,Ricki and the Flash,x8PVK6Hky2A
48,Results,fqv1ABJoUJY
49,Entertainment,laCKBx6dmW8
50,Tale of Tales,M9tEITW5bE4
51,Demolition,3UnSXelOJo0
52,The Program,dBOwtSdtAYg
53,Ex Machina,bggUmgeMCdc
54,Spotlight,EwdCIpbTN5g
55,Slow West,pFfsTsdJfF8
56,Magic Mike XXL,lMulcnyxzxQ
57,Ant-Man,pWdKf3MneyI
58,Jurassic World,RFinNxS5KN4
59,Equals,6GiU2SSG624
60,A Bigger Splash,3zC13ekq1Sk
61,Blackhat,jZ1ZDlLImF8
62,Our Brand Is Crisis,LDh17hmTQ74
63,Queen of Earth,AU3a8oniq2s
64,Spectre,ujmoYyEyDP8
65,Avengers: Age of Ultron,tmeOjFno6Do
66,Rules Don't Apply,mGJPwT0hupM
67,Joy,SN4MLMHET7w
68,Legend,8pv9T98T1Oo
69,Arabian Nights: Volume 1 - The Restless One,QBbZq4Icmds
70,Triple 9,JzUtr5sjRvU
71,Black Mass,CE3e3hGF2jc
72,Steve Jobs,aEr6K1bwIVs
73,The Sea of Trees,2tuemib6AG4
74,Aloha,I6H4eQhllVM
75,Louder Than Bombs,vKPgMJ4rVJM
76,Tomorrowland,eDE2ZDK6xv0
77,Irrational Man,hP8mPkyBntw
78,Trainwreck,jGtqeO5oFCc
79,Youth,NJ9RNIRn38g
80,Sicario,G8tlEcnrGnU
81,Mistress America,6z8MCW16uZY
82,Life (2015),_ctOgZ5K5to
83,High-Rise,e4pujABeKuA
84,Crimson Peak,6yAbFYbi8XU
85,Midnight Special,1zuQTmVCEn4
86,Everybody Wants Some!!,y6raUs0CiCQ
87,Bridge of Spies,mBBuzHrZBro
88,The Lobster,vU29VfayDMw
89,Inside Out,yRUAzGQ3nSY
90,The Good Dinosaur,daFnEiLEx70
91,The Light Between Oceans,g3uULkvZh1w
92,Beasts of No Nation,oRsaclO0VbU
93,Mad Max: Fury Road,hEJnMQG9ev8
94,Queen of the Desert,vwvymINJIAo
95,Carol,679wr31SXWk
96,Macbeth,YqHhKuCQmoY
97,Silence,A0KUWzfugg4
98,Star Wars: Episode VII - The Force Awakens,TIXENSAeGE0
99,The Revenant,LoebZZ8K5N0
100,Miss Peregrine's Home for Peculiar Children,HzCC4QZmptk
101,Independence Day: Resurgence,LbduDRH2m2M
102,Warcraft,2Rxoz13Bthc
103,Snowden,QlSAiI3xMh4
104,A United Kingdom,n9kAjBPcPkQ
105,Dark Crimes,QEijgVViWpw
106,Zoolander 2,4CL4LNWHegk
107,The Zookeeper's Wife,eiEfrA6MWs4
108,Moana,LKFuXETZUsI
109,Zama,Dc5hiLqHa6g
110,Queen of Katwe,2SnZLp5Hfhs
111,Sing,OrWjjOOYxhI
112,Whiskey Tango Foxtrot,3RpNlcCKsDc
113,The Great Wall,avF6GHyyk5c
114,À jamais,uOgOtAUSwMw
115,The Founder,AX2uz2XYkbo
116,Deepwater Horizon,8yASbM8M2vg
117,American Pastoral,EmG1HUeupPk
118,Batman v Superman: Dawn of Justice,0WWzgGyAH6Y
119,X-Men: Apocalypse,PfBVIHgQbYk
120,Belgica,oz1yQcfEGX4
121,The Magnificent Seven,58abXibG768
122,The Discovery,KNMs2sx3ayM
123,The Commune,KsEXwrgKjQ0
124,Neruda,5es09qC0zpQ
125,Mascots,rPxuwEA7Avc
126,War on Everyone,XQ2L1heHHnk
127,War Dogs,dKYaEPdcV1g
128,John Wick: Chapter 2,ChpLV9AMqm4
129,Christine,v0itmG80oLI
130,Captain America: Civil War,dKrVegVI0Us
131,Star Trek Beyond,dCyv5xKIqlw
132,Free State of Jones,3EMkxEKKSQI
133,Little Men,NmEPA26TBOo
134,Finding Dory,0tkLUap7oGQ
135,Popstar: Never Stop Never Stopping,Q9RoNzJrmDo
136,The Promise,zwut1DUXaZc
137,Gold,gdLXPv5NsA4
138,Hell or High Water,JQoqsKoJVDw
139,The Disaster Artist,cMKX2tE5Luk
140,Fantastic Beasts and Where to Find Them,VYZ3U1inHA4
141,Allied,CiKq2WGqhM0
142,Love & Friendship,9PBZy9j3H3I
143,Kubo and the Two Strings,vex0gPFnBvM
144,The Girl on the Train,KkoEE1i0CX8
145,Pete's Dragon,iSyOzW3xCgM
146,Una,dBQ0sDeBUWY
147,The Man with the Iron Heart,EhGS2jnfMus
148,Keanu,K9zy27apgI8
149,Suicide Squad,Z1EbSXxrZ34
150,Sausage Party,WVAcTZKTgmc
151,Loving,zRXuCY7tRgk
152,Salt and Fire,YWLb1rFurzc
153,A Monster Calls,WMgm20Di9Wg
154,Things to Come,wemRBFFbhKI
155,Colossal,fqcZtz8VXXE
156,Billy Lynn's Long Halftime Walk,veoPig2LJDU
157,The BFG,YxkyJ62bwHI
158,Personal Shopper,reASHCu2wLQ
159,Moonlight,9NJj12tJzqc
160,Jackie,g9pW3B8Ycc4
161,Manchester by the Sea,gsVoD0pTge0
162,How to Talk to Girls at Parties,nWzHaRM8jeo
163,Nocturnal Animals,juFmTNbFh8g
164,Paterson,m8pGJBgiiDU
165,Wiener-Dog,8C7OewoxnKI
166,The Circle,QCOXARv6J9k
167,Certain Women,or5lYLL41SY
168,Passengers,7BWWWQzTpNU
169,The Handmaiden,whldChqCsYk
170,The Bad Batch,BsOmYpP4UDU
171,Assassin's Creed,4haJD6W136c
172,Doctor Strange,MWRUNTLisPo
173,American Honey,y1SpWZm1PLc
174,Julieta,yoi4dbpqZmg
175,The Unknown Girl,4TYCCPYdGTw
176,It's Only the End of the World,mLDP3U7gpnw
177,Free Fire,oDD3I0uOlqY
178,The Nice Guys,GQR5zsLHbYw
179,Ghostbusters: Answer the Call,t6hlkIlGFCI
180,High Life,AtOwfo1ypOw
181,La La Land,0pdqf4P9MB8
182,Jason Bourne,v71ce1Dqqns
183,20th Century Women,6JnFaltqnAY
184,The Lost City of Z,yqGDNvX1F4g
185,Arrival,tFMo3UJ4B4g
186,Rogue One: A Star Wars Story,frdj1zb9sMY
187,The Neon Demon,cipOTUO0CmU
188,The Salesman,aWn20EsKNI8
189,"Hail, Caesar!",kMqeoW3XRa0
190,War Machine,sIqXRDDdo7c
191,Song to Song,mL0FYUpXuoo
192,Brawl in Cell Block 99,5hfAExhHTMM
193,Landline,llmki0lioMs
194,Godard Mon Amour,12rBqYvTaDA
195,Atomic Blonde,aieQrj9Yy8s
196,The Dark Tower,GjwfqXTebIY
197,The Mercy,ToN2G3K5pOE
198,In the Fade,UyjnzhXJlHU
199,Wonder Wheel,VFM0UqX9MJ8
200,A Fantastic Woman,PJHex4ZitgA
201,Alien: Covenant,svnAD0TApb8
202,The Lovers,0sgAgzTmq0k
203,Valerian and the City of a Thousand Planets,NNrK7xVG3PM
204,Life (2017),dgOGqWHtjP0
205,Wonder Woman,1Q8fG0TtVAY
206,D'après une histoire vraie,VhFGQoPpxLw
207,Battle of the Sexes,WMdzBwsZRX8
208,The Dinner,DZzcjIbd8O0
209,Mary Shelley,6EaDRhPm1DM
210,Euphoria,cajLoaFl2Zo
211,The Legacy of a Whitetail Deer Hunter,TIwccgV2whM
212,The Book of Henry,Dz8R2xxeyaA
213,Wilson,AKHFZumOS94
214,Paddington 2,52x5HJ9H8DM
215,The Cloverfield Paradox,jrxBaaINseI
216,Lady Bird,4vhPeNOHxsc
217,Journeyman,KCKQ9bVO4w4
218,Mute,ma8te7ywEio
219,The Florida Project,NVtJw389BXM
220,Logan,Div0iP65aZo
221,Dark River,eGchM1pWdN4
222,It Comes at Night,6YOYHCBQn9g
223,Stronger,XkoM5r9LR14
224,Call Me by Your Name,Z9AYPxH5NTM
225,Suspiria,BY6QKRl56Ok
226,Gringo,MnKbM9Zxtn8
227,Wind River,s7WuKdVhrmA
228,Guardians of the Galaxy Vol. 2,wUn05hdkhjM
229,Tully,e5D3O4yCmCg
230,Vice,aSGFt6w0wok
231,Wildlife,WemDKlmMAIs
232,Rough Night,oIB4jNYeRY4
233,Darkest Hour,LtJ60u7SUSw
234,"Mektoub, My Love: Canto Uno",27njOvi7HdU
235,Red Sparrow,PmUL6wMpMWw
236,The Current War,kue18AxK1tU
237,Spider-Man: Homecoming,39udgGPyYMg
238,Mary Magdalene,x18fgYITXwc
239,The Other Side of Hope,asR1B7NrhQQ
240,The Glass Castle,bdNiNhSeSDk
241,Good Time,upsR80YmwWc
242,Where Is Kyra?,Vj3DSZKarNU
243,The Death of Stalin,E9eAshaPvYw
244,"Three Billboards Outside Ebbing, Missouri",Jit3YhGx5pU
245,Ismael's Ghosts,sSfAkqyhx0Q
246,The Lego Batman Movie,bkkdhsQq0n4
247,Molly's Game,Vu4UPet8Nyc
248,Vox Lux,fMCYE9hKP68
249,Thelma,vgQMHG9SGlU
250,Our Time,0HGiG9z2m74
251,Thor: Ragnarok,ue80QwXMRHg
252,Kong: Skull Island,44LdLqgOpjo
253,Get Out,DzfpyUB60YY
254,Mudbound,vAZWhFI9lLQ
255,T2 Trainspotting,oQlaYKP996c
256,War for the Planet of the Apes,JDcAlo8i2y8
257,A Ghost Story,cGUoTWQIcP0
258,The Old Man & the Gun,bkkdhsQq0n4
259,Lean on Pete,nzlazAyylw8
260,Under the Silver Lake,mwgUesU1pz4
261,The Square,EUzRjRv0Ib0
262,Downsizing,UCrBICYM0yM
263,Loveless,pz0xlH1muWE
264,Golden Exits,CjiT3Y0uVHU
265,Suburbicon,cBezc1S1BAQ
266,The Meyerowitz Stories,czyMIIm12JY
267,Coco,jjudmcSxzpc
268,Annihilation,89OP78l9oF0
269,The Shape of Water,XFYWazblaUA
270,Mother!,XpICoc65uh0
271,You Were Never Really Here,R8oYYg75Qvg
272,Logan Lucky,aPzvKH8AVf0
273,The Snowman,5A3THighARU
274,The Killing of a Sacred Deer,CQFdGfwChtw
275,The Beguiled,8XhvOLCnbAQ
276,Wonderstruck,n207k52C3DM
277,Detroit,wmQebVSsRbA
278,Okja,AjCebKn4iic
279,Star Wars: Episode VIII - The Last Jedi,Q0CbN8sfihY
280,Happy End,cZ1ajZRn8YM
281,Baby Driver,zTvJJnoWIPk
282,Blade Runner 2049,gCcx85zbxz4
283,Deadpool 2,D86RtevtfrA
284,Farming,JTxq1Gx3odQ
285,Jeremiah Terminator LeRoy,JIYRD7nWiSE
286,Ant-Man and the Wasp,qDjnkekHWcg
287,The Long Dumb Road,ZjbsEZEfEEo
288,The Girl in the Spider's Web,8pv9T98T1Oo
289,An Evening with Beverly Luff Linn,XwKtaybkH98
290,Fast Color,tySUZIiXObc
291,Sorry to Bother You,XthLQZWIshQ
292,The Art of Self-Defense,2PJtlVXHjXg
293,Sicario: Day of the Soldado,Pymm6cmE9uQ
294,Venom,u9Mv98Gr5pY
295,Mandy,rI054ow6KJk
296,Mid90s,DU5gJGSuelM
297,Domino,6Of0gxSz8Vk
298,Loro 1,0SC9H6LnZxc
299,The Miseducation of Cameron Post,toXBb638n2Y
300,Slice,i5LUKX97bNA
301,Leave No Trace,fLZL0euWw9E
302,Greta,Wjj39q15tJU
303,Boy Erased,VUEaDUyeTR8
304,On the Basis of Sex,oqA44q1xVYA
305,The Command,MgJSSSqmCbs
306,Private Life,J1orjA9Z8g4
307,Holmes & Watson,i3aRnWH2xQY
308,Mission: Impossible - Fallout,XnYG1WRDvw4
309,The Front Runner,BAOYDcnVx6E
310,Cold War,8ImvkXgGVWw
311,"Don't Worry, He Won't Get Far on Foot",2BwxeOzSx8A
312,Hotel Artemis,JqfuKsoEEms
313,White Boy Rick,qns48PtK2io
314,Spider-Man: Into the Spider-Verse,g4Hbz2jLxvQ
315,Apostle,J1JdWOqc9Q8
316,The Souvenir,t9Al2nC0vzY
317,Outlaw King,8WHv24XXndw
318,Destroyer,WNe2C5U8a2M
319,Damsel,yqkeDHvcArs
320,The Land of Steady Habits,ZbKDFMW8hGE
321,The Wild Pear Tree,po0vls18Koc
322,The Little Stranger,ASR04zW4K8w
323,Can You Ever Forgive Me?,mWu3YBgz8Rs
324,Yeom-lyeok,MClKJcS417g
325,The Day Shall Come,nR08yvgwPjE
326,Piercing,T1fJqA1JuYk
327,Double Lives,pz0xlH1muWE
328,Proxima,eVVHmw3uH2Q
329,Halloween,T5ke9IPTIJQ
330,Bad Times at the El Royale,y7wzBVARwaU
331,Solo: A Star Wars Story,jPEYpryMp2s
332,I Think We're Alone Now,UMylAjMlhNI
333,The Kid Who Would Be King,JMGsCDGYjO0
334,The Predator,WaG1KZqrLvM
335,Ocean's Eight,MFWF9dU5Zc0
336,Ready Player One,cSp1dM2Vj48
337,"Where'd You Go, Bernadette",Em1onUCArxs
338,Fahrenheit 451,mNKwe9k55fs
339,Illang: The Wolf Brigade,yDrMQyzy3WQ
340,Marriage Story,FDFdroN7d0w
341,Galveston,Hfdxq5eLrxM
342,Birds of Passage,QV0uWf72ZQw
343,Avengers: Infinity War,6ZfuNTqbHE8
344,A Hidden Life,qJXmdY4lVR0
345,Peterloo,t1Wp37haiG4
346,First Man,PSoRx87OO6k
347,The House That Jack Built,BYF2tfdD1fA
348,Burning,oihHs2Errwk
349,A Wrinkle in Time,UhZ56rcWwRQ
350,Hold the Dark,OFAwDO6b5KI
351,Incredibles 2,i5qOzqD9Rms
352,The Other Side of the Wind,nMWHBUTHmf0
353,The Death & Life of John F. Donovan,ANg0HRsinoM
354,BlacKkKlansman,fQNZhs0QKq0
355,Napszállta,mu0ibDrd2Bw
356,The Nightingale,QYGLqiYyHr0
357,The Man Who Killed Don Quixote,yiiRZJUTT2k
358,Unsane,dy5QHGMxIi4
359,Maya,1tiBMt8SJvg
360,Everybody Knows,L68mUxKuAnA
361,The Sisters Brothers,3OwvqKwTKmE
362,Black Panther,xjDjIWPwcPU
363,The Beach Bum,rugjeaQECFM
364,Widows,nN2yBBSRC78
365,Isle of Dogs,vZGVbMeWJfQ
366,The Favourite,EOySDafIE74
367,Ad Astra,P6AaSMfXHbA
368,Roma,FkzidhAg45U
369,The Irishman,WHXxVmeGQUc
370,If Beale Street Could Talk,XgrWtn8kXHE
371,The Glorias,flUFfcQXp9w
372,Always Be My Maybe,iHBcWHY9lN4
373,The Boy Who Harnessed the Wind,nPkr9HmglG0
374,Charlie's Angels,RSUq4VfWfjE
375,Long Shot,PDxISykYRc4
376,Late Night,rMV6KC74GeA
377,Capone,LHYlKQSc7rA
378,Sound of Metal,VFOrGkAvjAE
379,Little Joe,eYfKlNBLLeQ
380,Resistance,rMV6KC74GeA
381,The Rhythm Section,i5LITKcHMVk
382,Missing Link,sNBms9je700
383,Native Son,ghfwH5jWTbc
384,The Addams Family,jpZrVxvG3mk
385,Men in Black: International,F3lJwV7ZIIk
386,The Parts You Lose,Tv6RX9wjaRQ
387,The Jesus Rolls,lWz8NGIisMo
388,Yesterday,Ry9honCV3qc
389,Roads,SLI2r8pyla0
390,The Many Saints of Newark,hDmPS6596fA
391,My Zoe,8nwNLi6Y3JI
392,Portrait of a Lady on Fire,YKTpig51ajI
393,Like a Boss,rMV6KC74GeA
394,Chaos Walking,nRf4ZgzHoVw
395,Gemini Man,AbyJignbSj0
396,Downhill,pBa9lELOOoo
397,Benedetta,10TMYMXMA7w
398,Mainstream,izkZDX4uxGo
399,The Hunt,sowGYbxTPgU
400,Seberg,WWlI5ftiQTs
401,The Woman in the Window,J0hTmzISOlQ
402,Greyhound,Uz1LdWuwcps
403,Queen & Slim,fJ9rUzIMcZQ
404,Ford v Ferrari,zyYgDtY2AMY
405,The Trial of the Chicago 7,FVb6EdKDBfU
406,Wounds,21NsBTI6kHY
407,The Kitchen,fgit74aVAvM
408,The Grudge,pJFYq7g6pEk
409,Spider-Man: Far from Home,Nt9L1jCKGnE
410,Zola,24KbaKlCDDI
411,The Lion King,7TavVZMewpY
412,Motherless Brooklyn,wNiUOZT9qyA
413,The Nest,svq5OzzT7s4
414,The Personal History of David Copperfield,NOYISaKSLdE
415,It Chapter Two,zqUopiAYdRg
416,Joker,zAGVQLHvwOY
417,The Report,VHmn9U3c0zA
418,True History of the Kelly Gang,BnJim7OK2kM
419,Bad Hair,DmrTRblGeKw
420,Captain Marvel,Z1BCujX3pw8
421,The Devil All the Time,EIzazUv2gtI
422,The Goldfinch,IcG06hZooHM
423,Lucy in the Sky,md3MbL8uxoA
424,Toy Story 4,LDXYRzerjzU
425,Wendy,KKktQFFcXL0
426,Frankie,v0DiHtZ3wtA
427,Waves,V5z3cr8AB5g
428,A Beautiful Day in the Neighborhood,oWWCqes85gQ
429,Antlers,2aiYxwVuZ1o
430,Pain and Glory,pEjFOkCKb3g
431,Kajillionaire,xiMPCevu8Wk
432,Ema,kPwXkr3F7VU
433,Waiting for the Barbarians,sbuM5DMAnyE
434,Godzilla: King of the Monsters,wVDtmouV9kM
435,The King,svVykTznk9Q
436,John Wick: Chapter 3 - Parabellum,M7XM597XO94
437,First Cow,SRUWVT87mt8
438,Midsommar,1Vnghdsjmd0
439,Star Wars: The Rise Of Skywalker,adzYW5DZoWs
440,The Truth,LoNoOn6c0gA
441,Velvet Buzzsaw,mQZL9PTKcyQ
442,High Flying Bird,zt0Ph5J1bbo
443,The Laundromat,wuBRcfe4bSo
444,The Dead Don't Die,bs5ZOcU6Bnw
445,Triple Frontier,Fo3yRLLrXQA
446,The Lighthouse,Hyag7lR8CPA
447,The Last Thing He Wanted,KmrU6gMc1Lc
448,Jojo Rabbit,tL4McUzXfFI
449,Uncut Gems,vTfJp2Ts9X8
450,Parasite,5xH0HfJHsaY
451,Little Women,lWn4h2YLxGA
452,Avengers: Endgame,TcMBFSGVi1c
453,Us,1tzFRIQfwXg
454,Once Upon a Time... In Hollywood,ELeMaP8EPAA
455,Army of the Dead,tI1JGPhYBS8
456,The Witches,9nlhmJF5FNI
457,In the Heights,V4CRPvel2Vc
458,Coming 2 America,sY8gUtyeAKE
459,The Craft: Legacy,t2LuGGYbhw0
460,A Quiet Place Part II,RFyfGEoOGc4
461,Mulan,KK8FHdFluOQ
462,Lost Girls,UJzGE00wncU
463,The High Note,cy8lUfePOZs
464,Free Guy,JORN2hkXLyM
465,The White Tiger,35jJNyFuYKQ
466,Halloween Kills,6ktL91tqWHc
467,Emma.,qsOwj0PR5Sk
468,All Day and a Night,v5AAhlqJwZk
469,Minari,KQ0gFidlro8
470,The Mitchells vs the Machines,toBGv7yvIV8
471,Passing,zO2lezXDglA
472,The World to Come,RhQu4tcHLeU
473,Tigertail,0gtxK9HjjOg
474,Spiral,gzy6ORqE9IY
475,Ghostbusters: Afterlife,GvPPbJsSey0
476,The Breaker Upperers,zKAjnXG3m4A
477,The King of Staten Island,azkVr0VUSTA
478,Happiest Season,h58HkQV1gHY
479,Pieces of a Woman,1zLKbMAZNGI
480,The Midnight Sky,pz0xlH1muWE
481,The Invisible Man,thOhXlk94v8
482,Bill & Ted Face the Music,4HfuELMv7HA
483,The Lovebirds,YzPq8uVgLe8
484,Ma Rainey's Black Bottom,ord7gP151vk
485,The Eyes of Tammy Faye,A6aGqvkYcO8
486,Stillwater,zz1GkcvkT1g
487,False Positive,t4whwNpHuPA
488,Never Rarely Sometimes Always,BMWm6id4kQ0
489,Shirley,X2oA35q212E
490,Wonder Woman 1984,XW2E2Fnh52w
491,Candyman,tlwzuZ9kOQU
492,Black Widow,ybji16u608U
493,Ammonite,AnDhlrs3XVM
494,News of the World,0Q9RTDjKS3o
495,Let Them All Talk,Ljf8DOZBnoA
496,The Green Knight,VoJc2tH3WBw
497,Birds of Prey,kGM4uYZzfu0
498,On a Half Clear Morning,8n5cdPRMPiw
499,The Velvet Underground,AWvUNABT8sg
500,Rebecca,LFVhB54UqvQ
501,Nomadland,QHE4MK6lEVM
502,The Old Guard,qBTQ4NbY9Ww
503,No Time to Die,BIhNsAtPbPI
504,Promising Young Woman,7i5kiFDunk8
505,The Souvenir: Part II,t9Al2nC0vzY
506,After Yang,9AcPlIdAnw4
507,I'm Thinking of Ending Things,cDTg62vsV4U
508,Da 5 Bloods,D5RDTPfsLAI
509,Mank,aMzJW0XBImE
510,On the Rocks,Xn3sK4WiviA
511,Dune,n9xhJrPXop4
512,The French Dispatch,TcPk2p0Zaw4
513,Annette,On4v1gNJkrE
514,Tenet,LdOM0x0XDMo
